roi_id,r0,c0,r1,c1,mean_ai,mean_slope_deg,score
1,0,0,180,180,0.00023259856861325312,5.191458259519788,0.0005299705306726412
