roi_id,r0,c0,r1,c1,mean_ai,mean_slope_deg,score
1,60,60,160,160,0.06323144646431379,6.761385619754446,0.16441860893262195
2,0,0,100,100,0.04050250072037944,4.830284351041272,0.08901602300391684
