模型,模型代码,AI_min,AI_q10,AI_mean,AI_median,AI_q90,AI_max,min_cost_min,min_cost_q10,min_cost_mean,min_cost_median,min_cost_q90,min_cost_max
B0 静态坡度模型,B0,0.0,0.0,0.0,0.0,0.0,0.0,1.0000055928151161,1.0151027946486786,1.1570433886223346,1.1001901591980152,1.373584940950324,2.8191749448238546
B1 仅纵坡方向模型,B1,2.0655268186479248e-06,0.0056981005321010934,0.053405784616408374,0.03686944070364913,0.12546071372314796,0.38702311822336566,1.0,1.0,1.000003073933139,1.0,1.0,1.0188316640533603
B2 仅横坡方向模型,B2,2.693283624989904e-06,0.006690314815576763,0.06095204605079213,0.04255148952589699,0.14155801589405934,0.47527856989605965,1.0000000000171871,1.0000739301571926,1.0079021376508068,1.002723631677883,1.0218882756963075,1.2214284487323044
Ours 纵坡+横坡非补偿模型,Ours,2.065523891071638e-06,0.005674858617630435,0.04456371634811584,0.03606484959917142,0.09806152846408359,0.1465033278816646,1.0000000000171871,1.0001146034258575,1.0303396096699662,1.0050298362428238,1.089053143427712,2.031868979367952
