roi_id,r0,c0,r1,c1,mean_ai,mean_slope_deg,score
1,0,0,180,180,0.03445231152470962,4.80898363928234,0.07555183471946428
