roi_id,r0,c0,r1,c1,mean_ai,mean_slope_deg,score
1,30,30,90,90,0.06712248046588865,10.850661059889894,0.2211037436873829
