版本,说明,样本数,路径总代价_J_mean,路径长度_L_m_mean,平均侧滑附着利用率_mean,平均下坡制动利用率_mean,P_rho_slide_gt_0p7_mean,P_rho_max_gt_1p0_mean
V10-constant,常数附着能力,1,4682.995995835397,4158.305191657988,0.11516202663326178,0.04768762985391775,0.0,0.0
V10-LC,只使用土地覆盖基础附着,1,4772.038594154935,4158.305191657988,0.15900681878078873,0.05888204433358906,0.02040562436653509,0.02040562436653509
V10-LC-TWI,土地覆盖 + TWI,1,4859.812145053134,4158.305191657989,0.20250331926071338,0.06906188750735512,0.030608436549802637,0.02040562436653509
V10-LC-TWI-Water,土地覆盖 + TWI + 水系影响,1,4894.834449669006,4183.158005400374,0.19505048313326673,0.07181563442356038,0.020284391273971084,0.020284391273971084
V10-Full,土地覆盖 + TWI + 水系 + 土壤软弱倾向,1,4849.001987992567,4158.305191657989,0.19369198682012823,0.06085870581446864,0.02040562436653509,0.02040562436653509
