pair_id,scenario,rho_lim,是否找到满足硬约束路径,路径相对累计代价_Jplan,路径长度_L_m,绕行率_L除以直线距离
1,contour_cross_slope,1.0,True,5142.5020282687965,4594.112549695422,1.0638111580817566
1,contour_cross_slope,1.2,True,5142.5020282687965,4594.112549695422,1.0638111580817566
