rho_lim,起终点样本数,找到路径数,硬约束路径成功率,路径相对累计代价_Jplan_mean,路径长度_L_m_mean,绕行率_L除以直线距离_mean
1.0,1,1,1.0,5142.5020282687965,4594.112549695422,1.0638111580817566
1.2,1,1,1.0,5142.5020282687965,4594.112549695422,1.0638111580817566
