{
  "exp1": {
    "shape": [
      80,
      80
    ],
    "cs": 30.0,
    "slope_range": [
      0.0814650161701612,
      32.67552127865955
    ],
    "slope_mean": 9.64070017952328,
    "B0": [
      2.815741045540395e-05,
      5.729718485303509,
      0.5258070329790886
    ],
    "B1": [
      -0.0,
      5.729030056837479,
      0.17420982668131388
    ],
    "Ours": [
      5.188749430252994e-11,
      13.230341743624273,
      0.7813147543903561
    ],
    "AI_B1": [
      0.8898503402399104,
      0.9999999982545038,
      0.9994477901556177
    ],
    "AI_Ours": [
      0.39311687342311286,
      0.9999998424504086,
      0.7581358455564995
    ],
    "n_dir": 8
  },
  "exp2": {
    "start": [
      12,
      12
    ],
    "goal": [
      67,
      67
    ],
    "B0": [
      91,
      0.10597058440965766,
      9.643323181278847
    ],
    "B1": [
      126,
      0.0010728710376418636,
      0.1351817507428748
    ],
    "Ours": [
      93,
      0.11961569545728609,
      11.124259677527606
    ]
  },
  "exp3": {
    "n_pts": 600,
    "auc": [
      0.48984444444444447,
      0.27289166666666664,
      0.5773972222222222
    ],
    "dc": [
      0.20694060357787467,
      0.9796041494713607
    ],
    "delta_mean": 0.39454592817070255,
    "delta_median": 0.16621026710239656,
    "wilcoxon_p": 6.403566344213039e-13
  },
  "exp4": {
    "alpha_u": {
      "5": {
        "mc": 1.8270527462948059,
        "mx": 13.815510557964274,
        "ai": 0.9286267414699192
      },
      "10": {
        "mc": 0.9534154600001054,
        "mx": 13.231243055467766,
        "ai": 0.7653590405931726
      },
      "15": {
        "mc": 0.7813147543903561,
        "mx": 13.230341743624273,
        "ai": 0.7581358455564995
      },
      "20": {
        "mc": 0.7211055645327922,
        "mx": 13.230026420931653,
        "ai": 0.7566855261172354
      },
      "30": {
        "mc": 0.6781764309953224,
        "mx": 13.2298015959954,
        "ai": 0.8026911225851048
      }
    },
    "alpha_m": {
      "0": {
        "mc": 0.8700084441985863,
        "mx": 13.230341743624273,
        "ai": 0.35528539759521593
      },
      "3": {
        "mc": 0.8074913422534132,
        "mx": 13.230341743624273,
        "ai": 0.64826921155408
      },
      "5": {
        "mc": 0.7813147543903561,
        "mx": 13.230341743624273,
        "ai": 0.7581358455564995
      },
      "8": {
        "mc": 0.7579031302382034,
        "mx": 13.230341743624273,
        "ai": 0.8458314021646126
      },
      "12": {
        "mc": 0.7443010536185426,
        "mx": 13.230341743624273,
        "ai": 0.888536593104881
      }
    },
    "alpha_d": {
      "5": {
        "mc": 1.12863982353227,
        "mx": 13.815510557964274,
        "ai": 0.5933223920191837
      },
      "10": {
        "mc": 0.8372949394156214,
        "mx": 13.230341743624273,
        "ai": 0.6278491029422445
      },
      "15": {
        "mc": 0.7813147543903561,
        "mx": 13.230341743624273,
        "ai": 0.7581358455564995
      },
      "20": {
        "mc": 0.7617301653759995,
        "mx": 13.230341743624273,
        "ai": 0.8190391984601634
      },
      "30": {
        "mc": 0.7477663595340216,
        "mx": 13.230341743624273,
        "ai": 0.867354288179767
      }
    },
    "alpha_r": {
      "5": {
        "mc": 2.5411590589541224,
        "mx": 13.815510557964274,
        "ai": 0.855927794019427
      },
      "8": {
        "mc": 1.1285264645618225,
        "mx": 13.815510557964274,
        "ai": 0.8040180177863899
      },
      "10": {
        "mc": 0.7813147543903561,
        "mx": 13.230341743624273,
        "ai": 0.7581358455564995
      },
      "15": {
        "mc": 0.43711334317085815,
        "mx": 5.729718485303542,
        "ai": 0.6262130381962592
      },
      "20": {
        "mc": 0.31669496345573117,
        "mx": 5.729403162627225,
        "ai": 0.6605735052629749
      }
    }
  }
}