模型,模型代码,邻域数,正向总代价_J_S到G,反向最优总代价_J_G到S,正向几何路径反向行驶代价,反向几何路径正向行驶代价,正向路径长度_m,反向路径长度_m,正向平均单位距离代价,反向平均单位距离代价,正反向路径单元重合率_IoU,同一几何反向代价变化率,解释
B0 标量坡度模型,B0,8,26213.37646926956,26213.37646926945,26213.37646926945,26213.37646926956,56674.43731768884,56674.43731768908,0.4625255707847675,0.46252557078476364,0.9988358556461001,-4.163498904488613e-15,若模型方向非对称，则同一几何路径反向行驶代价可能不同；若最优反向路径与正向路径重合率低，说明方向代价影响路径选择。B0理论上应最接近对称。
B1 仅纵坡方向模型,B1,8,5432.6596398564025,6919.1785081522185,7465.95216925672,5963.548245523951,64358.67968108788,65896.5284741376,0.08441222950465245,0.10500065281690503,0.5338229609586393,0.3742720258937594,若模型方向非对称，则同一几何路径反向行驶代价可能不同；若最优反向路径与正向路径重合率低，说明方向代价影响路径选择。B0理论上应最接近对称。
Ours 纵坡+横坡方向模型,Ours,8,20801.888905339347,22534.59607397031,22761.60212437462,21012.28645328223,56771.07209227267,57258.63043347795,0.3664170525356482,0.39355806982059416,0.8321790090570058,0.09420842635748639,若模型方向非对称，则同一几何路径反向行驶代价可能不同；若最优反向路径与正向路径重合率低，说明方向代价影响路径选择。B0理论上应最接近对称。
