roi_id,r0,c0,r1,c1,mean_ai,mean_slope_deg,score
1,0,0,160,160,0.041094074448550684,5.607155875798543,0.09730844176384452
