pair_id,scenario,rho_lim,是否找到满足硬约束路径,路径相对累计代价_Jplan,路径长度_L_m,绕行率_L除以直线距离
1,contour_cross_slope,1.0,True,2270.348307827155,1543.6753236814711,1.128244018201007
1,contour_cross_slope,1.2,True,2254.2363144063393,1493.9696961966997,1.0919150855425015
2,upslope_downslope,1.0,True,2153.8192959456146,1511.5432893255065,1.0756748711358268
2,upslope_downslope,1.2,True,2153.8192959456146,1511.5432893255065,1.0756748711358268
