rho_lim,起终点样本数,找到路径数,硬约束路径成功率,路径相对累计代价_Jplan_mean,路径长度_L_m_mean,绕行率_L除以直线距离_mean
1.0,2,2,1.0,2212.083801886385,1527.6093065034888,1.1019594446684169
1.2,2,2,1.0,2204.027805175977,1502.7564927611031,1.083794978339164
